timestamp,gravity_x,gravity_y,gravity_z,gravity_time,lin_acc_x,lin_acc_y,lin_acc_z,lin_acc_time,acc_x,acc_y,acc_z,acc_time,gyro_x,gyro_y,gyro_z,gyro_time
2025-10-02 14:07:58.780712,0.26741597592830657,0.08176083988510073,-9.806015122532845,41.11352079163771,0.009807589631527662,0.004310192791745067,0.005892823934555054,41.11352079163771,0.271834716796875,0.08232879638671875,-9.799222412109376,41.11600379162701,0.0016829543747007847,0.0004978085635229945,-0.0010009994730353355,41.11352079163771
2025-10-02 14:07:58.925815,0.26804382070899013,0.08129680850543082,-9.80600225865841,41.26248879166087,0.014119454361498357,-0.0021114569809287786,0.006029648780822754,41.26248879166087,0.27842102050781253,0.07140151977539062,-9.807904357910157,41.26497279165778,0.0016366257332265377,0.0007680156268179417,-0.00035023922100663185,41.26248879166087
2025-10-02 14:07:59.057261,0.269002453442663,0.08122661450877786,-9.805976530909538,41.39159479166847,0.007023620624095202,-0.015213870406150819,-0.005671799182891846,41.39159479166847,0.2760260009765625,0.06601272583007813,-9.811646575927735,41.38414679164998,-0.000709114596247673,-0.0004905337700620294,-0.0008662668988108635,41.39159479166847
2025-10-02 14:07:59.249647,0.27045132039114833,0.08135932803153992,-9.805932676792144,41.59021879162174,0.016202561482787134,-0.005018089609220624,0.010154274702072145,41.59021879162174,0.2866539001464844,0.07634124755859376,-9.795779571533204,41.58277079166146,0.00023058103397488594,0.0015244942624121904,0.0007407120428979397,41.59021879162174
2025-10-02 14:07:59.380185,0.2709766927175224,0.08124390034005047,-9.805922736525536,41.71932379162172,0.01867100011557341,0.008719029938802124,-0.0015343093872070314,41.71932379162172,0.28021728515625,0.07933502197265625,-9.804012451171875,41.72180779161863,0.0006739897653460503,0.0004805974895134568,-0.00036197854205965996,41.71932379162172
2025-10-02 14:07:59.551267,0.27155799731612207,0.08161234801635146,-9.805902271270753,41.8583607916371,0.001025181356817484,0.037240505358204244,0.011319040060043336,41.8583607916371,0.27273284912109375,0.12214599609375,-9.792187042236328,41.86084479163401,0.0008964422158896923,0.0018010798376053572,-0.0006438586860895157,41.86829279165249
2025-10-02 14:07:59.670722,0.2728269344754517,0.0817652618419379,-9.805864264369012,42.00732879166026,0.0026002933457493784,0.053253964232280855,0.0039480400085449225,42.00732879166026,0.27991790771484376,0.14055770874023438,-9.79892303466797,42.00981279165717,-0.001475626602768898,0.0015991050750017166,0.001487969420850277,42.00732879166026
2025-10-02 14:07:59.817345,0.2731776577793062,0.08184408048167825,-9.805853154659271,42.13643479166785,0.004045816417783499,-0.06163611232303083,-0.006989761590957642,42.13643479166785,0.28231292724609375,0.014519805908203126,-9.799521789550782,42.138918791664764,-0.0005262019112706184,-8.434941992163658e-05,-0.0007196054793894291,42.13643479166785
2025-10-02 14:07:59.933382,0.2739412493258715,0.08169106615707279,-9.805833274126053,42.27547179162502,0.004479734636843205,0.019498499901965262,0.005863587856292725,42.27547179162502,0.27572662353515626,0.08652008056640625,-9.79173797607422,42.277955791621935,-0.001072110142558813,0.002221720525994897,-0.0015862742438912392,42.27547179162502
2025-10-02 14:08:00.053071,0.2743250093981624,0.08137788380496204,-9.805823918581009,42.38471479166765,0.011131307892501354,-0.004737267941236497,-0.0022277891635894775,42.38471479166765,0.2854563903808594,0.0844244384765625,-9.809101867675782,42.38719879166456,-0.002017589984461665,0.0005287859821692109,0.00023682322353124619,42.38471479166765
2025-10-02 14:08:00.178725,0.27402901237830524,0.08123126487247646,-9.805835613012315,42.513820791617036,0.009930490795522929,0.0043906833697110416,0.005864757299423218,42.513820791617036,0.2839595031738281,0.08562194824218751,-9.79997085571289,42.50637379166437,0.001088446006178856,0.00042729475535452366,-0.000769574660807848,42.513820791617036
2025-10-02 14:08:00.318110,0.2737084753252566,0.08122877980582416,-9.805845553278923,42.662788791640196,0.0027665918134152892,0.0033453473914414646,0.002131894826889038,42.662788791640196,0.27647506713867187,0.08457412719726563,-9.803713073730469,42.655341791629326,-0.0002970285713672638,0.002292060758918524,0.0024749967269599438,42.662788791640196
2025-10-02 14:08:00.452826,0.2736215528100729,0.08035716095007957,-9.805856662988663,42.79189479164779,0.0045001633465290075,-0.0007227432634681464,0.019205764532089234,42.79189479164779,0.2966830444335938,0.07619155883789062,-9.804910583496094,42.794378791644704,0.002089101355522871,0.0002326870453543961,0.0003704512491822243,42.79189479164779
2025-10-02 14:08:00.606208,0.27296275433152917,0.0797811005730182,-9.80587537407875,42.92100079165539,0.007853230889886618,0.009283669972792268,-0.0086135333776474,42.92100079165539,0.2785707092285156,0.08547225952148438,-9.804311828613281,42.923483791644685,0.0036925137974321842,0.0015991611871868372,0.0007187970913946629,42.92100079165539
2025-10-02 14:08:00.813706,0.27285405093804005,0.07905925266444684,-9.805887068510057,43.1593497916474,0.00107634449377656,0.011652121217921377,0.006364109516143799,43.1593497916474,0.27393035888671874,0.09071136474609376,-9.799521789550782,43.151901791628916,0.0005560116842389107,-0.0006679447833448648,-0.0005311029963195324,43.1593497916474
2025-10-02 14:08:00.954232,0.2729278537631035,0.0792451393045485,-9.805880636572839,43.28845479164738,0.013276888858526946,0.006825856827199459,0.006210912466049195,43.28845479164738,0.2794688415527344,0.08771759033203125,-9.796378326416017,43.290938791644294,-0.0020316224545240402,0.0013867462985217571,-0.0009645838290452957,43.28845479164738
2025-10-02 14:08:01.076677,0.2734097922407091,0.07988842438906432,-9.805866603255273,43.417560916626826,0.004861612636595965,0.016960205314680933,0.00783877730369568,43.417560916626826,0.2782713317871094,0.09684860229492188,-9.79802490234375,43.41011279163649,-0.0016700890846550465,0.0006592258578166366,0.0006206596735864878,43.417560916626826
2025-10-02 14:08:01.197616,0.2736532374098897,0.08084456291981042,-9.805851400494577,43.53673591662664,0.009707583971321583,0.005825224639847875,-0.0017553341388702394,43.53673591662664,0.2734812927246094,0.0868194580078125,-9.809401245117188,43.53921891661594,-0.003748892806470394,-0.0027443375438451767,0.00020668888464570045,43.53673591662664
2025-10-02 14:08:01.366273,0.27347248535603286,0.08025569348596037,-9.805859001874925,43.705565916665364,0.010337329097092153,0.005515943476930261,-0.004739753007888794,43.705565916665364,0.28380981445312503,0.08577163696289063,-9.81134719848633,43.708049916662276,-0.0005833106115460396,-0.000605283014010638,-0.00016067689284682274,43.705565916665364
2025-10-02 14:08:01.605795,0.27440758304670454,0.08023619667626918,-9.805834443569184,43.94391491665738,0.0004209447093307972,0.005834826864302159,0.0012220680713653565,43.94391491665738,0.28021728515625,0.09175918579101563,-9.806856536865235,43.94639891665429,0.0014314944855868816,0.0006625282694585621,0.0010949738789349794,43.94391491665738
2025-10-02 14:08:01.747699,0.2743992507643998,0.08056311998516322,-9.805830935239792,44.08295191661455,0.007763951215893031,0.008052593534812332,0.01079980731010437,44.08295191661455,0.28380981445312503,0.09355545043945312,-9.800120544433595,44.08543591666967,0.0019261585548520088,0.0018265347462147474,0.0012050156947225332,44.08295191661455
2025-10-02 14:08:01.901010,0.27442134227603676,0.0803884344175458,-9.805832689404488,44.24185091664549,0.008041310235857965,0.012418572418391706,0.005711560249328613,44.24185091664549,0.2824626159667969,0.09280700683593751,-9.800120544433595,44.23440391663462,0.0006056278944015503,0.0018825791776180267,5.609402433037758e-05,44.24185091664549
2025-10-02 14:08:02.017255,0.27471445223316554,0.08010913850739598,-9.80582625746727,44.3610259166453,0.008496607337146998,0.008805952453985811,0.0007659852504730225,44.3610259166453,0.2832110595703125,0.08891510009765625,-9.805060272216798,44.35357791662682,-0.0008566952310502529,-0.003045081626623869,-0.000336627010256052,44.3610259166453
2025-10-02 14:08:02.188660,0.2742722930945456,0.08015935147181154,-9.805835613012315,44.50006291666068,0.01148341991007328,-0.006662207879126072,0.012901881337165834,44.50006291666068,0.28575576782226564,0.07349716186523438,-9.792935485839845,44.4926149166422,0.0021186317317187786,0.003924488555639982,-6.584031507372856e-05,44.50006291666068
2025-10-02 14:08:02.305795,0.2743328117765486,0.08010554795153439,-9.805837367177011,44.649030916625634,-0.010281871911138296,0.005516409426927567,0.010955343246459961,44.649030916625634,0.2640509033203125,0.08562194824218751,-9.794881439208984,44.64158291666536,0.003244191873818636,-0.0007974097970873117,-0.0008967863395810127,44.649030916625634
2025-10-02 14:08:02.426466,0.2747133741527796,0.08013080975040794,-9.80582508802414,44.76820591662545,0.001911363434046507,-0.0010951743554323912,-0.001180552840232849,44.76820591662545,0.276624755859375,0.07903564453125,-9.807006225585939,44.76075791666517,-0.0002020648680627346,0.0003922480973415077,0.001092932652682066,44.76820591662545
2025-10-02 14:08:02.558840,0.27434878198429946,0.07987316681072117,-9.80583853662014,44.89731091662543,0.004671011678874493,0.004551280802115798,0.0057174074649810796,44.89731091662543,0.2731819152832031,0.07738906860351563,-9.801168365478516,44.89979491662234,-0.0010177926160395145,-0.00028103485237807035,-0.000588203314691782,44.89731091662543
2025-10-02 14:08:02.700011,0.2737077809683979,0.07957982844673098,-9.805857832431794,45.026416916633025,-0.0012743275612592698,0.011131527163088323,0.007983203530311584,45.026416916633025,0.27228378295898437,0.094603271484375,-9.794282684326172,45.02890091662994,0.0017777094617486,-0.0005592425586655736,-0.00021499069407582283,45.026416916633025
2025-10-02 14:08:02.815232,0.2734612111933529,0.07970667648129165,-9.805864849090577,45.1654539166484,0.012444263622164727,0.00576559217646718,0.008587220907211304,45.15552291664062,0.2859054565429688,0.08547225952148438,-9.797276458740235,45.15800591662992,0.0010046516545116901,-0.002124655758962035,-0.0032928837463259697,45.1654539166484
2025-10-02 14:08:02.994061,0.27339510111138227,0.079478525435552,-9.805868942141533,45.334284916636534,-0.00021314928308129312,-0.00014349432662129404,0.007993143796920777,45.334284916636534,0.27378067016601565,0.08113128662109376,-9.79802490234375,45.33676791662583,1.7336569726467133e-05,-7.814329001121223e-05,-0.00016694050282239914,45.334284916636534
2025-10-02 14:08:03.114754,0.2731395412422717,0.07979586479254068,-9.805871281027795,45.45345858333167,0.0063292820379138,-0.00644839164800942,-0.003977860808372498,45.45345858333167,0.27333160400390627,0.08771759033203125,-9.810299377441407,45.45594258332858,-0.001080228015780449,0.0007624853169545531,0.0020184912718832493,45.45345858333167
2025-10-02 14:08:03.264592,0.2742312712222338,0.07958932103589178,-9.805843799114228,45.59249558328884,0.008081656023859978,-0.014175350088626148,0.002729480266571045,45.59249558328884,0.2854563903808594,0.0820294189453125,-9.807604980468751,45.59497958328575,-0.0003548222593963146,-0.0001612505002412945,-0.002922909799963236,45.59249558328884
2025-10-02 14:08:03.442060,0.27489122087135914,0.07997678129933775,-9.805822164416314,45.78118858329253,0.005775166992098093,-0.003934902045875788,-0.004178420305252076,45.78118858329253,0.2806663513183594,0.07604187011718751,-9.81,45.773740583332255,0.0020987153984606266,0.0017032247269526124,0.0006318015512079,45.78118858329253
2025-10-02 14:08:03.578945,0.2755465110205114,0.08029295121319592,-9.805801114439964,45.92022558330791,0.0010782265663146972,0.008921526325866581,0.00403399407863617,45.92022558330791,0.2851570129394531,0.08532257080078126,-9.806257781982422,45.92270958330482,0.0006420165300369263,0.00022879242897033691,-0.0009303516708314419,45.92022558330791
2025-10-02 14:08:03.736119,0.275824783667922,0.08098518845625222,-9.80578591167927,46.079124583280645,0.009930965881794691,0.00044546646997332577,0.0017746299505233766,46.079124583280645,0.28575576782226564,0.0814306640625,-9.804012451171875,46.07167758332798,-0.0005142432637512684,-0.0008334466256201267,-0.00022703921422362328,46.079124583280645
2025-10-02 14:08:03.885865,0.27547537598758937,0.0816508208680898,-9.805792928338052,46.228092583303805,-0.0031915564835071565,0.0053183349967002875,0.00941401720046997,46.228092583303805,0.27842102050781253,0.08756790161132813,-9.798174591064454,46.23057658330072,-0.0024443406146019697,0.0016775208059698343,-0.001301094889640808,46.228092583303805
2025-10-02 14:08:04.008204,0.27561806632205843,0.08137038292363287,-9.805788835287094,46.34726758330362,0.004449493568390608,0.003203735137358308,0.008513545989990235,46.34726758330362,0.2800675964355469,0.08457412719726563,-9.797276458740235,46.339819583285134,-0.0015945106279104948,0.00019239395624026656,5.563022568821907e-05,46.34726758330362
2025-10-02 14:08:04.140205,0.2759364106692374,0.08193196230567992,-9.805776556134225,46.46644154161913,-0.0017066926136612892,0.010126591790467501,-0.0024271792173385623,46.46644154161913,0.27931915283203124,0.087418212890625,-9.804461517333985,46.468925541616045,0.00035115284845232964,-0.00112066266592592,-0.0018199151381850243,46.46644154161913
2025-10-02 14:08:04.357541,0.27492882577702404,0.08295762788504363,-9.805797021389008,46.68492854165379,-0.007734422776848078,0.003861839259043336,0.011064101457595826,46.68492854165379,0.2758763122558594,0.08711883544921875,-9.805808715820312,46.6874125416507,0.0013881409540772438,-0.0011121127754449844,-0.0007218425162136555,46.68492854165379
2025-10-02 14:08:04.504413,0.2749274553358555,0.08261546527035535,-9.805801114439964,46.83389654161874,0.004391752313822508,0.00959280495531857,-0.004200639724731446,46.83389654161874,0.2805166625976563,0.08996292114257813,-9.797126770019531,46.836380541615654,-0.0003975946456193924,0.00022078800247982144,-0.002141054254025221,46.83389654161874
2025-10-02 14:08:04.648922,0.275096385050565,0.08197503070347012,-9.805799944996835,46.96300254162634,-0.0019144514948129655,5.438824184238911e-05,0.004481306076049805,46.96300254162634,0.27872039794921877,0.077838134765625,-9.803114318847657,46.96548654162325,0.0026281201280653477,0.0003163142828270793,-0.0005491017363965511,46.96300254162634
2025-10-02 14:08:04.767831,0.2746753672510386,0.08232583623379469,-9.805808715820312,47.1119705416495,-0.0016431955061852932,-0.010175881991162896,-0.0056881713867187505,47.1119705416495,0.27303222656250004,0.07214996337890625,-9.811496887207031,47.10452354163863,-0.0005459273234009743,-0.0004181258555036038,0.0003517335280776024,47.1119705416495
2025-10-02 14:08:04.956389,0.27441006811335683,0.08194495408795774,-9.805818656086922,47.27087054162985,-0.0030244174785912037,-0.026410438707098367,0.007944027185440064,47.27087054162985,0.2851570129394531,0.06541397094726563,-9.81284408569336,47.273353541619144,0.002286905888468027,-0.0011416933266445994,-0.001874907873570919,47.27087054162985
2025-10-02 14:08:05.094568,0.27353124987334015,0.08171821002848446,-9.805846722722054,47.43970054166857,0.013272320721298457,0.0012093412410467863,0.008719367980957031,47.43970054166857,0.28680358886718754,0.08292755126953126,-9.797126770019531,47.43225254165009,0.0022839889861643314,-0.0015349583700299263,-0.0009091547690331936,47.43970054166857
2025-10-02 14:08:05.216328,0.27323954690247776,0.08154121298342944,-9.805856078267098,47.54894354165299,0.004133652560412884,-0.005649031586945057,0.008279657363891602,47.54894354165299,0.2820135498046875,0.07993377685546875,-9.802066497802734,47.5514275416499,0.002835772465914488,-0.0006611873395740986,0.001308412291109562,47.54894354165299
2025-10-02 14:08:05.532011,0.2734181062504649,0.08188873859122396,-9.805847307443619,47.86674254166428,-0.008319381885230542,-0.0044996699877083305,0.0091696035861969,47.86674254166428,0.27617568969726564,0.08083190917968751,-9.803862762451173,47.86922654166119,0.00035449815914034843,0.001981837674975395,-0.0014836057089269161,47.86674254166428
2025-10-02 14:08:05.665592,0.27349302370101214,0.08267672399058938,-9.805836782455446,48.00577954162145,0.0050776307098567485,0.003993027023971081,0.0012273305654525758,48.00577954162145,0.2736309814453125,0.09190887451171875,-9.811945953369142,48.00826354161836,0.0025806110352277756,0.0017573913792148232,-0.0009414041414856911,48.00577954162145
2025-10-02 14:08:05.847192,0.27320375097915534,0.08230465834960342,-9.805849061608315,48.184541541617364,0.011803573239594698,-0.0038677687011659146,0.008722876310348512,48.184541541617364,0.28500732421875,0.07843688964843751,-9.797126770019531,48.17709354165709,-0.00048634130507707596,0.00031839526491239667,-0.001856294460594654,48.184541541617364
2025-10-02 14:08:05.984885,0.27365314604714513,0.08293632209300995,-9.805830935239792,48.31364754162496,0.013898831605911256,-0.014528585867956282,0.0021190309524536134,48.31364754162496,0.2794688415527344,0.07768844604492188,-9.808652801513672,48.31613054161426,-0.0018005913589149714,0.0005265463260002434,-0.0011951467022299767,48.31364754162496
2025-10-02 14:08:06.142533,0.2737100650370121,0.08309892036952078,-9.805831519961357,48.48247766663553,0.0018669428676366807,-0.007206711564213038,-0.00027949690818786623,48.48247766663553,0.27198440551757813,0.07499404907226563,-9.802665252685548,48.484961666632444,-0.00018583983182907104,0.0007302748854272068,-0.00030646007508039474,48.48247766663553
2025-10-02 14:08:06.266510,0.273549120426178,0.08257633460685611,-9.805836782455446,48.601652666635346,0.008763770274817943,0.004542491706088185,0.0007776796817779542,48.601652666635346,0.2836601257324219,0.08292755126953126,-9.800419921875001,48.60413666663226,-0.0014117714017629623,-1.1042575351893902e-05,-0.00012228870764374733,48.601652666635346
2025-10-02 14:08:06.444344,0.2736452340334654,0.08270915776491165,-9.805834443569184,48.79034566663904,0.009865202978253365,-0.013552968800067903,0.0033188796043396,48.79034566663904,0.28351043701171874,0.06915618896484375,-9.802515563964844,48.782897666620556,0.0012731379829347134,0.0011153635568916798,0.0007407590746879578,48.79034566663904
2025-10-02 14:08:06.593855,0.27460832526907325,0.08306146164424717,-9.805806961655618,48.9393136666622,0.00022022075951099398,-0.008366771740838885,0.011820731163024904,48.9393136666622,0.2748284912109375,0.07469467163085938,-9.793983306884765,48.93186666665133,-0.0030641143675893545,0.0016026952071115375,0.0013643577694892883,48.9393136666622
2025-10-02 14:08:06.776373,0.2743456025607884,0.08294492846354842,-9.805810469985008,49.118075666658115,0.00647040093317628,-0.0010652073752135038,0.01407424807548523,49.118075666658115,0.2817141723632813,0.0814306640625,-9.794881439208984,49.120559666655026,0.0010676328092813492,-0.0012811797205358744,-0.0010857987217605114,49.118075666658115
2025-10-02 14:08:06.909680,0.27436230367049574,0.08260526005178691,-9.805812224149705,49.24718166666571,0.01199214594438672,-0.005515596298500896,0.001951800584793091,49.24718166666571,0.2851570129394531,0.08322692871093751,-9.808203735351563,49.24966466665501,0.0003738459199666977,-7.255427772179246e-05,6.630923599004745e-05,49.24718166666571
2025-10-02 14:08:07.037368,0.2742491052299738,0.08306419339030982,-9.805814563035966,49.3762876666151,-0.005557851567864419,0.0030068210139870643,0.00793934941291809,49.3762876666151,0.2686912536621094,0.08607101440429688,-9.797875213623048,49.36883966665482,-0.0007186229340732098,-0.00048128783237189054,0.0025489553809165955,49.3762876666151
2025-10-02 14:08:07.188009,0.2750771075114608,0.08327945315279067,-9.805788835287094,49.51532416662667,-0.0068349200114607815,-0.048252301644533875,0.019739615321159365,49.51532416662667,0.2758763122558594,0.029937744140625,-9.799821166992189,49.51780716661597,0.0014780513010919094,0.005913943983614445,0.0003492981195449829,49.51532416662667
2025-10-02 14:08:07.386752,0.29596984857693315,0.0881107059493661,-9.805136286020279,49.71394816663815,-0.004226568471640348,-0.2527682987228036,0.0014255511760711671,49.71394816663815,0.28949798583984376,-0.13651611328125002,-9.792187042236328,49.716431166627444,-0.00731084868311882,0.029539959505200386,-0.010253947228193283,49.71394816663815
2025-10-02 14:08:07.523206,0.33456554666161537,0.09071469948627055,-9.803873287439346,49.86291616666131,0.023639561980962755,0.08202608420513571,0.19924621224403383,49.86291616666131,0.35820510864257815,0.17274078369140625,-9.604627075195314,49.85546816664282,0.00495301466435194,0.005958464462310076,0.0005493350327014923,49.86291616666131
2025-10-02 14:08:07.643313,0.3343566914275289,0.08926171207800508,-9.80389492213726,49.98209116666112,0.015166471414268018,0.31609536185860637,-0.09756547093391418,49.98209116666112,0.3231779479980469,0.3849993896484375,-9.683363342285157,49.98457416665042,-0.00244862399995327,-0.0008103343425318599,0.0009751869365572929,49.98209116666112
2025-10-02 14:08:07.776370,0.3361558796837926,0.08958806893788279,-9.80383235692978,50.12112816661829,0.005433854050934315,0.27670025803148746,-0.023234496116638186,50.12112816661829,0.3415896606445313,0.36628829956054687,-9.827064514160156,50.113680166658014,0.0033372752368450165,-0.00131143257021904,0.0033581708557903767,50.12112816661829
2025-10-02 14:08:07.902768,0.3359912440180779,0.08992094909772277,-9.803831772208214,50.25023316661827,-0.0035326318815350533,0.037015076922252775,-0.014699900150299074,50.25023316661827,0.33245864868164066,0.12693603515625002,-9.81853225708008,50.24278616666561,-0.00219171610660851,8.62620072439313e-05,0.001246974105015397,50.25023316661827
2025-10-02 14:08:08.045778,0.3365330250933767,0.09024315808899701,-9.8038101375103,50.37933916662587,-0.0025775257498025896,-0.18050546580925586,-0.030588539242744447,50.37933916662587,0.3339555358886719,-0.09026229858398438,-9.83439926147461,50.37189116666559,-0.0005835173651576042,-0.003355499356985092,-0.0006457474082708359,50.37933916662587
2025-10-02 14:08:08.212137,0.3360732877627015,0.08924544950947166,-9.803837034702301,50.54817079164786,0.013300222903490068,-0.024430215172469617,-0.007511333227157593,50.54817079164786,0.34937347412109376,0.06481521606445313,-9.81134719848633,50.54072279162938,-0.0002646530047059059,-0.003215791191905737,-0.0001583760604262352,50.54817079164786
2025-10-02 14:08:08.338756,0.3356580623611808,0.08915701950900257,-9.803849313855173,50.677275791647844,0.01072160080075264,0.10633644972927869,0.002981495261192322,50.677275791647844,0.3447331237792969,0.19549346923828126,-9.7956298828125,50.679759791644756,-0.001109314151108265,0.0012059402652084827,0.000147378072142601,50.677275791647844
2025-10-02 14:08:08.503652,0.33566387303173545,0.08949336231686175,-9.803848144412042,50.846106791635975,0.0029320862889289858,-0.026923467926681044,0.00896612048149109,50.846106791635975,0.3396437072753906,0.0496966552734375,-9.808802490234376,50.84859079163289,0.0003327862359583378,0.001719465828500688,-0.0008362354710698128,50.846106791635975
2025-10-02 14:08:08.641036,0.3356663215532899,0.08934702660888434,-9.803851068019867,50.96528179163579,0.008019054271280766,-0.018544243443757297,0.013757328987121583,50.96528179163579,0.34443374633789064,0.08068222045898438,-9.807006225585939,50.967764791625086,-0.00037011178210377693,0.0030460315756499767,0.004317441489547491,50.96528179163579
2025-10-02 14:08:08.817797,0.3356783083453775,0.0897895968798548,-9.803842297196388,51.16390579164727,0.010851006992161275,-0.0019223269633948804,0.012106075286865236,51.16390579164727,0.3465293884277344,0.08786727905273438,-9.79173797607422,51.15645779162878,0.0013633412308990955,0.00038253620732575655,0.00169966253452003,51.16390579164727
2025-10-02 14:08:08.944230,0.3360479985550046,0.08953171639703214,-9.803834695816041,51.28308079164708,0.005990728251636029,0.0029759221337735653,-0.00871118187904358,51.28308079164708,0.33365615844726565,0.09595046997070313,-9.804012451171875,51.28556379163638,0.00045049330219626427,0.0009971531108021736,0.0014095483347773552,51.28308079164708
2025-10-02 14:08:09.113155,0.33620057433843614,0.08928584097884595,-9.803828848600388,51.45191083330428,0.0011976924911141396,0.005766478395089507,0.010745428204536438,51.45191083330428,0.33979339599609376,0.10208770751953125,-9.789941711425781,51.454394833301194,-0.000696518924087286,-7.258221739903092e-05,0.0005756746977567673,51.45191083330428
2025-10-02 14:08:09.267443,0.33619794309139256,0.08920807301066816,-9.803830602765084,51.60087883332744,0.003745141625404358,-0.005232709832489491,-0.00048005640506744386,51.60087883332744,0.3399430847167969,0.08397537231445312,-9.804311828613281,51.59343183331657,-0.0008475193753838539,0.0004261590074747801,0.0009209287818521261,51.60087883332744
2025-10-02 14:08:09.397470,0.3364712638780475,0.08911042450927198,-9.803824755549432,51.73991583328461,0.010207849815487863,0.0026487704180181027,0.0034030795097351077,51.73991583328461,0.34667907714843754,0.09175918579101563,-9.800419921875001,51.73246883333195,0.0014417264610528946,-0.0021708798594772816,0.0007328987121582031,51.73991583328461
2025-10-02 14:08:09.525905,0.33638691779226065,0.08921217519789934,-9.80382241666317,51.86902183329221,0.008645510338246823,-0.004638066273182631,0.003405418395996094,51.86902183329221,0.34503250122070317,0.08457412719726563,-9.800419921875001,51.86157483328134,0.0006927535869181156,-0.0004967039567418396,-0.0007575871422886848,51.86902183329221
2025-10-02 14:08:09.751068,0.33677941214293244,0.08943021238781512,-9.8038101375103,52.087508833326865,0.007354956753551961,0.005023370375856757,0.004737414121627808,52.087508833326865,0.3441343688964844,0.09445358276367188,-9.799072723388672,52.08006083330838,-0.000692437868565321,-0.0022661364637315273,0.001389125594869256,52.087508833326865
2025-10-02 14:08:09.878046,0.3370217426866293,0.0893041592091322,-9.803805459737779,52.21661483333446,0.009956821538507939,-0.0032331265322864057,0.007424794435501099,52.21661483333446,0.34368530273437503,0.08786727905273438,-9.79173797607422,52.21909783332376,0.0010512787848711014,-0.0014564278535544872,-0.002362529281526804,52.21661483333446
2025-10-02 14:08:10.015964,0.3368652565777302,0.08885538540780545,-9.803810722231866,52.35565183329163,0.006969698332250119,-0.0014371907897293569,-0.0007993143796920777,52.35565183329163,0.34323623657226565,0.0844244384765625,-9.791139221191406,52.35813483328093,-0.0006704144179821014,-0.003033248707652092,-0.0012097065337002277,52.35565183329163
2025-10-02 14:08:10.154174,0.3372522691637278,0.08797660371288657,-9.803808383345604,52.494688791630324,-0.0009016406536102295,-0.000558372549712658,-0.000804576873779297,52.494688791630324,0.34817596435546877,0.08532257080078126,-9.801018676757813,52.49717179161962,0.0018434170633554459,0.001704823225736618,0.0006799795664846897,52.494688791630324
2025-10-02 14:08:10.298614,0.3368523561581969,0.08809657213278116,-9.803820662498474,52.643656791653484,-0.0009508669003844262,0.003363236216828227,-0.0049829971790313725,52.643656791653484,0.3487747192382813,0.09235794067382813,-9.801916809082032,52.646140791650396,-0.0003560055047273636,0.00023989874171093106,-0.0011972230859100819,52.643656791653484
2025-10-02 14:08:10.448533,0.336659105680883,0.08830736425705255,-9.803823001384735,52.78269379166886,0.004032386094331742,-0.0005897739250212908,0.010738996267318727,52.78269379166886,0.3406915283203125,0.08771759033203125,-9.793085174560547,52.77524679165799,-0.0022674505598843098,-0.00017823284724727273,-0.0004972782917320728,52.78269379166886
2025-10-02 14:08:10.615544,0.33652465626597405,0.08763682566583157,-9.803835280537605,52.961455791664775,0.01329788401722908,-0.001865188702940941,0.012545785903930665,52.961455791664775,0.34982254028320314,0.08577163696289063,-9.79128890991211,52.95400779164629,-0.0010259388945996761,-0.0014484135899692774,-0.0007907748222351074,52.961455791664775
2025-10-02 14:08:10.767924,0.3368934693932533,0.08773673996329308,-9.803819493055345,53.11042379162973,0.004396777264773846,-0.00046822492964565754,0.008341053128242492,53.11042379162973,0.34129028320312504,0.08726852416992188,-9.795480194091798,53.10297679161886,0.0001781056635081768,0.001837053569033742,0.0007248180918395519,53.11042379162973
2025-10-02 14:08:10.898426,0.3368833098560572,0.08825176089070738,-9.803817154169083,53.239529791637324,0.009047323688864708,0.0041061706468462945,0.007438827753067017,53.239529791637324,0.3411405944824219,0.09610015869140626,-9.802665252685548,53.242013791634236,0.0005346271209418774,0.00037255126517266035,-0.0012679114006459713,53.239529791637324
2025-10-02 14:08:11.053731,0.3370600054040551,0.08810638449154795,-9.803814230561256,53.39842979161767,0.006625333875417709,0.0012577909044921398,0.011625434160232545,53.39842979161767,0.34368530273437503,0.08936416625976563,-9.792187042236328,53.390981791657396,0.001693769358098507,0.0007452801219187677,0.00025531137362122536,53.39842979161767
2025-10-02 14:08:11.214936,0.3371817371249199,0.08806968407705426,-9.803807798624039,53.557328708295245,0.010844501964747906,0.00024665200151503087,0.012070407271385194,53.557328708295245,0.3480262756347656,0.08831634521484376,-9.79173797607422,53.54988070833497,-0.0020654071122407913,1.4944584108889103e-05,-0.0018469523638486862,53.557328708295245
2025-10-02 14:08:11.392026,0.33751239717006687,0.08747964520007373,-9.803801366686821,53.706296708318405,0.003927538208663464,0.010267080282792449,0.006525492668151856,53.706296708318405,0.3403921508789063,0.0916094970703125,-9.797426147460937,53.70878070831532,0.001413674559444189,0.0018165470100939274,0.002928315894678235,53.706296708318405
2025-10-02 14:08:11.521305,0.3371727835759521,0.08741765557788313,-9.803815400004387,53.85526570829097,0.01669135216623545,5.573127418756486e-07,-0.0019939005374908446,53.85526570829097,0.3538641357421875,0.087418212890625,-9.805808715820312,53.847817708330695,-0.001030918676406145,-0.002624503104016185,-0.001078085508197546,53.85526570829097
2025-10-02 14:08:11.714100,0.3377614154666662,0.08699071747250856,-9.803796104192735,54.024095708329696,0.011611985564231873,0.00012810884043574334,0.013257392048835755,54.024095708329696,0.34248779296875004,0.08412506103515625,-9.802066497802734,54.02657970832661,0.00014593126252293587,-0.0004006746457889676,0.0006575356237590313,54.024095708329696
2025-10-02 14:08:11.852142,0.3378785425052047,0.087273384667933,-9.803790841698648,54.19292670831783,0.009548978246748448,0.0001448190864175558,0.010107496976852417,54.19292670831783,0.3480262756347656,0.09370513916015626,-9.79083984375,54.19541070831474,-0.0038110569585114717,0.002546123694628477,-0.002361222170293331,54.19292670831783
2025-10-02 14:08:11.980882,0.337458639331162,0.08775277412496507,-9.803804875016214,54.31210170831764,-0.0023055205866694454,-0.00048424081876873975,0.0005379438400268555,54.31210170831764,0.3430865478515625,0.09235794067382813,-9.800569610595703,54.31458470830694,-0.0008390992879867554,0.00038324191700667143,-0.0028046127408742905,54.31210170831764
2025-10-02 14:08:12.144880,0.3378259175643325,0.08759440594352783,-9.803792595863342,54.46107008331455,0.005560080818831921,0.007457949975505472,0.011603214740753175,54.46107008331455,0.34338592529296874,0.09505233764648438,-9.792187042236328,54.45362208329607,0.0009382874704897404,-0.0005706280935555696,-0.0016044615767896175,54.46107008331455
2025-10-02 14:08:12.299894,0.3374706261232496,0.08793401040136814,-9.803799612522125,54.639832083310466,0.0066637427732348445,0.005172364739701152,0.01281008005142212,54.639832083310466,0.34099090576171875,0.089813232421875,-9.801617431640626,54.64231508329976,-0.0015084950719028711,0.0004780322778970003,0.001086018979549408,54.639832083310466
2025-10-02 14:08:12.431698,0.33707754705101256,0.08778754678554833,-9.803814815282822,54.76893808331806,0.008703397773206235,-0.0006687113363295794,0.005191158056259156,54.76893808331806,0.3441343688964844,0.09235794067382813,-9.790690155029298,54.77142108330736,-0.0004304577596485615,-0.0033456222154200077,-0.0006477446295320988,54.76893808331806
2025-10-02 14:08:12.565562,0.33678456500172615,0.08753128342330456,-9.803828263878822,54.90797508333344,0.0069008108228445055,0.0010844483692198992,-0.0001859414577484131,54.90797508333344,0.34368530273437503,0.08861572265625,-9.804012451171875,54.900527083314955,0.001379313413053751,0.0027950515504926443,-0.005074525251984596,54.90797508333344
2025-10-02 14:08:12.701746,0.33632742237299684,0.08707382102496923,-9.803847559690476,55.03708008333342,0.014542975500226022,0.004086619019508362,0.004025223255157471,55.03708008333342,0.34129028320312504,0.09071136474609376,-9.797875213623048,55.03956408333033,-0.0019649260211735964,-0.002206607488915324,0.0009501087479293346,55.03708008333342
2025-10-02 14:08:12.823124,0.3365654040500522,0.086924470346421,-9.803836449980736,55.156255083333235,0.0012819654867053032,0.004086253568530083,0.003419451713562012,55.156255083333235,0.3423381042480469,0.09280700683593751,-9.808203735351563,55.15873908333015,0.002289453987032175,0.0010338607244193554,-0.00033911364153027534,55.156255083333235
2025-10-02 14:08:12.960555,0.3370235699415207,0.087583113508299,-9.803818323612214,55.295292083290406,0.007709553837776184,-0.0057033741474151614,0.006392176151275635,55.295292083290406,0.3447331237792969,0.08187973022460938,-9.797426147460937,55.287845083279535,-2.77799554169178e-05,-0.0020903844852000475,-0.0028564156964421272,55.295292083290406
2025-10-02 14:08:13.106321,0.33398038655519485,0.06881151844281704,-9.804072677493096,55.434327916649636,-0.12396707486361266,-3.3604664638638497,-0.621597615480423,55.434327916649636,0.16031661987304688,-3.3438963317871098,-9.221573638916016,55.43681191664655,0.0027427980676293373,-0.001349176513031125,-0.014675157144665718,55.434327916649636
2025-10-02 14:08:13.242838,0.3286932245269418,0.039007401452399795,-9.804413570165634,55.58329591661459,0.2311425543576479,-9.187532903552055,2.679680700302124,55.58329591661459,0.5598358154296875,-9.148525543212891,-7.124734039306641,55.575848916661926,0.11579424887895584,0.26929688453674316,-0.051922719925642014,55.58329591661459
2025-10-02 14:08:13.382285,0.33406352665275335,0.0013026552939845715,-9.804308905005456,55.712401916622184,0.29103653445839883,0.1403028706368059,0.11331260740756989,55.712401916622184,-0.0173638916015625,0.2856060791015625,-10.988948364257814,55.714885916619096,0.11685508489608765,0.10320800542831421,-0.036714497953653336,55.712401916622184
2025-10-02 14:08:13.501813,0.34352925516664984,0.025107530595269056,-9.803951055407525,55.84150791662978,-0.1462395212799311,0.0880571491084993,3.9157961225509648,55.84150791662978,0.19728973388671875,0.11316467285156251,-5.8881555175781255,55.83406091661891,-0.2338922768831253,-0.13621535897254944,-0.013129858300089836,55.84150791662978
2025-10-02 14:08:13.643860,0.2851157169789076,-0.00816544765199069,-9.805854324102402,55.98054491664516,-0.030794543959200383,0.29347215559333567,-1.8116381478309633,55.98054491664516,0.2543211364746094,0.28530670166015626,-11.617491302490235,55.97309791663429,0.04196743294596672,-0.09691810607910156,-0.018835438415408134,55.98054491664516
2025-10-02 14:08:13.784917,0.2972594519890845,-0.010403811482246965,-9.805487703680992,56.109650916652754,-1.5518006019294264,0.3980975912511349,-9.976024671792985,56.109650916652754,1.349294128417969,0.0652642822265625,-4.456981658935547,56.112134916649666,-0.14723560214042664,-0.2148130238056183,-0.01369277760386467,56.109650916652754
2025-10-02 14:08:13.938650,0.3035923702642322,-0.031113639764953405,-9.805253815054893,56.24868791666813,-0.13743779892101884,0.15475652078166605,1.2360218667984009,56.24868791666813,0.16615447998046876,0.12364288330078126,-8.569230194091798,56.24123991664965,0.01392195001244545,-0.0733669102191925,-0.035121310502290726,56.24868791666813
2025-10-02 14:08:14.080924,0.34718939289450645,-0.07267185935284942,-9.803586773872375,56.4274505416397,0.7076670219004154,0.38986226309090855,-0.9238565647602082,56.4274505416397,1.054856414794922,0.31719039916992187,-10.727442169189453,56.42000191664556,0.007985143922269344,-0.2369103878736496,-0.024461597204208374,56.4274505416397
2025-10-02 14:08:14.206474,0.3653385290130973,-0.045473590563051405,-9.803089760541916,56.546625541639514,-0.12838132068514824,0.016433978746645154,4.887312172651291,56.546625541639514,0.2369572448730469,-0.02903961181640625,-14.550342407226562,56.53917754162103,0.0712047666311264,0.05404239892959595,-0.01546844094991684,56.546625541639514
2025-10-02 14:08:14.355371,0.3364914733171463,-0.06667465805076063,-9.804004265069961,56.68566254165489,0.41764041122049095,0.08299070119857789,2.1032645201683047,56.68566254165489,0.5143304443359376,0.15881973266601562,-11.172616424560548,56.68814554164419,0.06368418037891388,0.20691247284412384,-0.02463681995868683,56.68566254165489
2025-10-02 14:08:14.506120,0.3824844291061163,-0.07817802244797349,-9.802229050397873,56.84456154162763,-0.17696181558072568,0.32666128054261206,-2.94945368885994,56.84456154162763,0.20552261352539064,0.2484832763671875,-12.751682739257813,56.83711454161676,-0.05559214577078819,-0.3758227229118347,-0.04824525862932205,56.84456154162763
2025-10-02 14:08:14.635666,0.3601905307173729,-0.027397211166098716,-9.803345283865928,56.97366754163522,0.1286927580088377,0.1507407261617482,-0.15230008721351623,56.97366754163522,-0.15956817626953126,0.188009033203125,-10.019414520263672,56.976151541632134,-0.10624760389328003,-0.027796564623713493,-0.03872259706258774,56.97366754163522
2025-10-02 14:08:14.812486,0.3867150723561645,0.009962645913474262,-9.802369968295098,57.132566541666165,-0.3982411038503051,0.18089046841487288,0.043115029335021975,57.132566541666165,0.7429051208496094,0.11630813598632814,-9.0675439453125,57.13505054166308,-0.09298808127641678,-0.2231382429599762,-0.03695673495531082,57.132566541666165
2025-10-02 14:08:14.943464,0.3694916601106525,0.015792289084056395,-9.803028949499131,57.28153554163873,-0.5131927588954568,0.17161799037829042,3.193521147966385,57.28153554163873,1.2377760314941406,0.1389111328125,-11.799512786865234,57.28401854162803,0.03858664259314537,-0.1833965927362442,-0.02765708789229393,57.28153554163873
2025-10-02 14:08:15.149226,0.3162362797558308,-0.010728701970074327,-9.804897719621659,57.4404342083144,0.3729306634515524,0.04934838962741196,2.644535425901413,57.4404342083144,-0.2582130432128906,0.2377056884765625,-12.406051483154297,57.44291820831131,-0.012462792918086052,0.1658075898885727,-0.031062554568052292,57.4404342083144
2025-10-02 14:08:15.296130,0.3171436945348978,0.03108926875283942,-9.804821705818176,57.629127208318096,-0.33705229438841344,0.2322131795436144,0.2709985649585724,57.629127208318096,-0.7135661315917969,0.18531463623046876,-9.80236587524414,57.63161120831501,-0.09995890408754349,0.20659475028514862,-0.019406769424676895,57.629127208318096
2025-10-02 14:08:15.455160,0.3428893139585853,0.019470490368548782,-9.80398964703083,57.768164208333474,-0.06162417121231556,0.12333256060257555,1.9538611435890199,57.768164208333474,0.023351440429687502,0.29758117675781254,-11.937076721191406,57.770648208330385,0.140591561794281,-0.04865867644548416,-0.037523843348026276,57.768164208333474
2025-10-02 14:08:15.588439,0.33317036446183923,-0.03932605643291027,-9.804262712001801,57.92706420831382,-0.4505262849479914,0.18796695152297618,0.1957425606250763,57.92706420831382,-0.2736309814453125,0.16166381835937502,-8.68089797973633,57.929548208310734,0.058739304542541504,0.06410881876945496,-0.02338714338839054,57.92706420831382
2025-10-02 14:08:15.719134,0.358949897736311,-0.05412761590909213,-9.803280379772186,58.05617020832142,0.16765498515218497,0.20426540734246373,-0.3604328978061676,58.05617020832142,0.1335223388671875,0.10582992553710938,-9.24282943725586,58.058653208310716,0.08658310770988464,0.4251217842102051,0.004254384897649288,58.05617020832142
2025-10-02 14:08:15.852675,0.4076724434271455,-0.04134801446925849,-9.80143733739853,58.19520720827859,0.2939185539633036,0.1399928859807551,2.1864739072322847,58.19520720827859,0.48334487915039065,0.3092568969726563,-11.924802246093751,58.197690208326094,0.05543609708547592,0.03468978777527809,-0.02961059659719467,58.19520720827859
2025-10-02 14:08:16.028654,0.40140097573399547,-0.01755476664751768,-9.801767705082893,58.36403820832493,1.0546212105453014,0.22247862529009582,-1.9330783849954607,58.36403820832493,1.456022186279297,0.20492385864257814,-11.734847259521485,58.35659020830644,0.08701995015144348,0.25763288140296936,-0.03770887106657028,58.36403820832493
2025-10-02 14:08:16.334819,0.39635047975927595,0.0341760253161192,-9.801928503513336,58.652043791662436,-0.15235797464847564,0.13691817331127823,-0.8337521409988404,58.652043791662436,0.29174331665039066,0.19100280761718752,-9.351952514648438,58.65452779165935,-0.011631881818175316,0.06526906788349152,-0.013890166766941547,58.652043791662436
2025-10-02 14:08:16.539015,0.339934350438416,0.005930843969690614,-9.804108930230141,58.88046179164667,-0.2507198363542557,0.061129702334292234,1.6472694075107575,58.88046179164667,0.5309458923339844,0.22168899536132813,-8.661139068603516,58.882944791635964,0.040954720228910446,-0.2892317473888397,-0.0153509471565485,58.88046179164667
2025-10-02 14:08:16.695056,0.2916016861237586,-0.043640588955022395,-9.805570149421692,59.02942979166983,0.39786457970738415,0.024779810146428646,-0.49496095776557925,59.02942979166983,-0.4722679138183594,0.08487350463867188,-8.501870269775392,59.03191379166674,0.050786398351192474,-0.15498827397823334,-0.04752751439809799,59.02942979166983
2025-10-02 14:08:16.830068,0.2929913134686649,-0.08316706784069539,-9.805269602537155,59.168466791627,0.18990446297451855,0.40619532711803913,-1.397282811999321,59.168466791627,0.7147636413574219,0.19309844970703127,-8.966803436279298,59.17095079162391,0.09657413512468338,-0.0017444805707782507,-0.00846132542937994,59.168466791627
2025-10-02 14:08:17.013846,0.35254690423607826,-0.08452075308188796,-9.803296751976013,59.34722879162291,0.16343004293739796,0.3533617137372494,-0.21521729707717896,59.34722879162291,0.5159770202636719,0.26884094238281253,-10.018516387939453,59.33978179161204,-0.09023178368806839,0.2046424150466919,-0.008206680417060852,59.34722879162291
2025-10-02 14:08:17.198616,0.31915732942521574,-0.11961562265641988,-9.804075601100923,59.496196666616015,0.17736008405685424,0.1431167700793594,2.723800866007805,59.496196666616015,0.49651748657226563,0.023501129150390626,-7.0802764892578125,59.48874966666335,0.1187974140048027,-0.5248433351516724,-0.023499131202697754,59.496196666616015
2025-10-02 14:08:17.334482,0.30108274530619383,-0.2373933740705252,-9.802500945925713,59.67495866661193,0.5747458864375949,0.16808756947517395,1.6865317064523697,59.67495866661193,1.056353302001953,0.0544866943359375,-11.605516204833984,59.67744266666705,-0.05630809813737869,-0.23063664138317108,-0.04803468659520149,59.67495866661193
2025-10-02 14:08:17.553230,0.3561646496504545,-0.22961935468018055,-9.800846183896065,59.8835146666388,1.1110842637717724,4.641394946873188,-4.686629884243012,59.8835146666388,0.46792694091796877,5.6293437194824225,-8.667875061035156,59.885998666635714,-0.03528670221567154,-0.11872994899749756,0.018732044845819473,59.8835146666388
2025-10-02 14:08:17.727923,0.33794030372053385,-0.24266376189887526,-9.801175382137298,60.0722076666425,0.13522581551223994,2.5114957746863364,-0.20342112421989442,60.0722076666425,0.4731660461425781,2.268831939697266,-10.004595336914063,60.06475966662401,0.0045996373519301414,0.0024455212987959385,0.0002983696758747101,60.0722076666425
2025-10-02 14:08:17.915519,0.33172478657215837,-0.2556671289727092,-9.801057853102684,60.260900666646194,0.033366076312959195,-0.02290363507345319,0.032968940734863283,60.260900666646194,0.3650907897949219,-0.2785707092285156,-9.768087158203125,60.25345366663532,0.0036701997742056847,8.921953849494457e-05,0.0023440031800419092,60.260900666646194
2025-10-02 14:08:18.034675,0.32863387528806925,-0.2565054186992347,-9.801136205792428,60.38007566664601,0.05412014700472355,0.5073837328702212,-0.07218036890029908,60.38007566664601,0.38275405883789065,0.2508782958984375,-9.873318328857422,60.37262766662752,-0.0009226016700267792,-0.0013823527842760086,-0.0016633993946015835,60.38007566664601
2025-10-02 14:08:18.176142,0.33160499174147845,-0.25799143373966216,-9.800999965667724,60.51911279163323,-0.0031879019737243654,-0.19766106862574817,-0.020976301431655884,60.51911279163323,0.32841705322265624,-0.45565246582031255,-9.821975097656251,60.51166479161475,0.00048026349395513535,-0.000843884248752147,-0.001409031916409731,60.51911279163323
2025-10-02 14:08:18.305644,0.3303302987292409,-0.25805295741185547,-9.801040896177293,60.64821879164083,0.013205351829528809,0.12213556246832014,0.0006209743022918702,60.64821879164083,0.3614982604980469,-0.23905288696289065,-9.822573852539064,60.65070179163013,0.0015955115668475628,-0.0036960907746106386,0.0008110757917165756,60.64821879164083
2025-10-02 14:08:18.453765,0.3301171677187085,-0.25763605093583464,-9.80106077671051,60.79718679166399,0.028387391455471516,0.30448856569826604,0.0349172329902649,60.79718679166399,0.39532791137695317,0.2442919921875,-9.806557159423829,60.7996707916609,-0.0002228044904768467,0.002307161455973983,0.001698779407888651,60.79718679166399
2025-10-02 14:08:18.573265,0.32818959653377533,-0.2583020670711994,-9.801102876663208,60.9163617916638,0.014447738975286485,0.21504209987819195,-0.01308548390865326,60.9163617916638,0.3426374816894531,-0.04326004028320313,-9.814191284179689,60.90891379164532,0.003709525801241398,0.0002806780976243317,0.0022524269297719,60.9163617916638
2025-10-02 14:08:18.900387,0.3278383615985513,-0.2567981083877385,-9.801156086325646,61.23416079161689,0.01719413962215185,0.02493031656369567,-0.003753912448883057,61.23416079161689,0.35685791015625,-0.2285746765136719,-9.807455291748047,61.23664379166439,0.0025023994967341423,-0.0019210651516914368,0.0004830355755984783,61.23416079161689
2025-10-02 14:08:19.031815,0.32725053369998935,-0.2565021113678813,-9.801184737682343,61.36326679162448,0.03215204816311598,0.32640678048133853,-0.013905263543128968,61.36326679162448,0.34323623657226565,0.03936813354492188,-9.768835601806641,61.36574979161378,-0.0023030012380331755,0.002132260240614414,0.001990553457289934,61.36326679162448
2025-10-02 14:08:19.179084,0.3263536439090967,-0.25654274951666595,-9.80121338903904,61.522164958296344,0.043377496227622034,-0.12561255443841218,0.015613235235214235,61.522164958296344,0.36973114013671876,-0.38215530395507813,-9.78560073852539,61.51471795828547,-0.0011735488660633564,-0.005141641013324261,-0.00019946275278925896,61.522164958296344
2025-10-02 14:08:19.343706,0.3248683414980769,-0.25599057136103515,-9.801279462575913,61.66120195831172,0.04261754091829062,0.2955083388090134,-0.013812292814254761,61.66120195831172,0.3674858093261719,0.039517822265625,-9.815089416503907,61.65375495830085,0.001069377176463604,0.0008674177224747837,0.004122759681195021,61.66120195831172
2025-10-02 14:08:19.504492,0.32194477021694184,-0.25609825149178506,-9.801369509696961,61.83003295829985,0.047037889771163466,0.40309264831244945,-0.018059710264205935,61.83003295829985,0.3502716064453125,0.12888198852539062,-9.800419921875001,61.832516958296765,-0.00022254325449466705,0.002513495273888111,0.0007855212315917015,61.83003295829985
2025-10-02 14:08:19.640789,0.322377317994833,-0.25561861535534264,-9.801370679140092,61.95913895830745,0.04241413090378046,-0.033879407029598956,0.015469393730163575,61.95913895830745,0.3469784545898438,-0.31913635253906253,-9.784403228759766,61.961621958296746,0.0006618094630539417,-0.0012905257754027843,0.0027387801092118025,61.95913895830745
2025-10-02 14:08:19.786509,0.3223656966537237,-0.2549885047785938,-9.801385881900789,62.12796995829558,0.03688730612397194,0.1888260536827147,0.03314903497695923,62.12796995829558,0.3391946411132813,-0.08457412719726563,-9.80086898803711,62.13045295828488,-0.00020549586042761803,-0.0014259893214330077,-0.00010402267798781395,62.12796995829558
2025-10-02 14:08:19.970741,0.3209507070109248,-0.2532885364629328,-9.801477683186532,62.26700695831096,0.04428980804979801,0.28592064103111625,0.015575813055038452,62.26700695831096,0.3442840576171875,-0.020357666015625,-9.78455291748047,62.269489958300255,-8.477084338665009e-05,0.002142607234418392,-0.0021520894952118397,62.26700695831096
2025-10-02 14:08:20.097323,0.31899821206927303,-0.25266898741945626,-9.801557205319405,62.43583754164865,0.03441685751080513,0.25431556334719063,0.0033820295333862305,62.43583754164865,0.3415896606445313,-0.009131011962890626,-9.787995758056642,62.438321541645564,-0.0012788381427526474,0.0025403855834156275,0.002264883369207382,62.43583754164865
2025-10-02 14:08:20.273300,0.3200288203731179,-0.2516987150721252,-9.801546095609666,62.604668541636784,0.023656372725963593,0.20005617951974275,0.025826566815376283,62.604668541636784,0.34368530273437503,-0.05164260864257813,-9.775721282958985,62.5972205416183,0.000330507755279541,-0.0014799830969423056,0.0003536953590810299,62.604668541636784
2025-10-02 14:08:20.402097,0.32010658834129574,-0.25134039038792255,-9.801553112268449,62.73377454164438,0.04034377802163363,0.19909908168017865,0.004876577854156495,62.73377454164438,0.3525169372558594,-0.02724334716796875,-9.817334747314453,62.73625854164129,0.0006656250916421413,0.0007993024191819131,0.0004761158488690853,62.73377454164438
2025-10-02 14:08:20.563372,0.3191583161428571,-0.2514502084068954,-9.801580594182015,62.88274254166754,0.02931695256382227,0.15939168171957135,0.0004139828681945801,62.88274254166754,0.3496728515625,-0.05044509887695313,-9.806257781982422,62.88522654166445,0.0014645541086792946,0.0005318982293829322,6.055925041437149e-05,62.88274254166754
2025-10-02 14:08:20.709758,0.3189167895913124,-0.24990731092169882,-9.80163029551506,63.02177954162471,0.02881010860204697,0.21817330213263633,-0.0008852684497833252,63.02177954162471,0.33979339599609376,-0.0413140869140625,-9.800120544433595,63.02426354162162,-0.0009941952303051949,0.001037015812471509,-0.00042551523074507713,63.02177954162471
2025-10-02 14:08:20.934605,0.31872997105121614,-0.24815544856712224,-9.801682920455933,63.2799915416399,0.022560385242104533,0.172113523632288,0.005002877712249756,63.2799915416399,0.34129028320312504,-0.07604187011718751,-9.796677703857423,63.27254354162142,-0.0032643747981637716,0.0014759772457182407,0.001252705231308937,63.2799915416399
2025-10-02 14:08:21.087196,0.31763730917125943,-0.24693359976634385,-9.80174840927124,63.42895954166306,0.01601888582110405,0.18990214236080646,-0.003613579273223877,63.42895954166306,0.33365615844726565,-0.05703140258789063,-9.805359649658204,63.42151254165219,0.00012109661474823952,-0.0026805545203387737,-0.001234480645507574,63.42895954166306
2025-10-02 14:08:21.327509,0.31553772021085025,-0.24622208498418333,-9.801834948062897,63.597790708299726,0.027399212010204795,0.19383097792044282,-0.002329530715942383,63.597790708299726,0.3429368591308594,-0.05239105224609375,-9.80416213989258,63.590343708288856,-0.0007255980744957924,-0.00040510413236916065,0.0009571330156177282,63.597790708299726
2025-10-02 14:08:21.447080,0.3143837722018361,-0.24432181298732758,-9.801917393803597,63.78648370830342,0.03094806991517544,0.18474570214748384,0.007035369873046876,63.78648370830342,0.3430865478515625,-0.019908599853515625,-9.809700622558594,63.78896770830033,0.000584837980568409,0.0015559927560389042,0.0005498775281012058,63.78648370830342
2025-10-02 14:08:21.581743,0.3120073175802827,-0.2436862754635513,-9.802009779810906,63.925521708326414,0.028085455857217313,0.2378484153561294,-0.002152944803237915,63.925521708326414,0.3400927734375,-0.0058378601074218755,-9.80416213989258,63.91807370830793,-0.0002802344970405102,-0.005826262291520834,0.0014558827970176935,63.925521708326414
2025-10-02 14:08:21.721269,0.3046175881661475,-0.2430657945200801,-9.802257117033005,64.0546267083264,0.02469759738072753,0.19381820540875197,-0.005796929597854615,64.0546267083264,0.3400927734375,-0.037272491455078126,-9.789193267822267,64.05711070832331,0.00023259874433279037,-0.006891144905239344,-0.002179246861487627,64.0546267083264
2025-10-02 14:08:21.852936,0.30181023029610515,-0.24262606563046576,-9.802354765534401,64.18373270833399,0.03394160678610206,0.0879975805990398,-0.012435858249664308,64.18373270833399,0.3357518005371094,-0.15462844848632815,-9.814790039062501,64.17628570832312,-0.0004532639868557453,0.0005014489870518446,-0.0011261580511927605,64.18373270833399
2025-10-02 14:08:22.043372,0.30169096536934376,-0.24248205967247488,-9.80236236691475,64.39228870830266,0.027175190560519695,0.22526782024651767,-0.0163207483291626,64.39228870830266,0.3288661193847656,-0.017214202880859376,-9.818681945800781,64.38484070828417,0.0009382362477481365,-0.007752418518066406,-0.00121202040463686,64.39228870830266
2025-10-02 14:08:22.316868,0.2977700600959361,-0.24224272582679987,-9.802485743165017,64.65050033328589,0.029000398926436903,0.06905289424583316,0.009401738047599794,64.65050033328589,0.3291654968261719,-0.18606307983398437,-9.819580078125,64.6529833333334,-0.001362992450594902,-0.001743671833537519,0.0002901218831539154,64.65050033328589
2025-10-02 14:08:22.771827,0.28065319508314135,-0.2371370467543602,-9.803118411898614,65.10733633331256,0.00450387267395854,0.18923661958426238,0.016917164325714114,65.10733633331256,0.2851570129394531,-0.047900390625000004,-9.786199493408203,65.09988833329407,0.0036952397786080837,0.001152736134827137,0.001958397915586829,65.10733633331256
2025-10-02 14:08:22.962287,0.2787358930706978,-0.23673009881749751,-9.80318507015705,65.28609833330847,0.038903645351529126,0.179548952691257,0.0027622246742248537,65.28609833330847,0.28755203247070316,-0.096998291015625,-9.776769104003908,65.28858233330538,-0.001501566031947732,-9.992290870286524e-05,-0.0007682912983000278,65.28609833330847
2025-10-02 14:08:23.113700,0.28105292536318305,-0.23613551007583738,-9.803127182722092,65.43506679165876,0.025659226812422276,0.15844710057601333,0.009146214723587037,65.43506679165876,0.30671218872070316,-0.07768844604492188,-9.793983306884765,65.42761933332076,-0.0015435605309903622,0.0011669048108160496,-0.0030648307874798775,65.43506679165876
2025-10-02 14:08:23.268231,0.28205468131229283,-0.2351880966871977,-9.803124843835832,65.60389779164689,0.016424664314836263,0.17755790267139673,0.01872044563293457,65.60389779164689,0.2900967407226563,-0.04056564331054688,-9.787846069335938,65.6063817916438,-0.001078291330486536,0.003710793564096093,0.0007052691653370857,65.60389779164689
2025-10-02 14:08:23.395099,0.2799974298477173,-0.233625044580549,-9.803222492337227,65.73300379165448,0.0027646366506814957,0.144709889665246,0.015075291395187379,65.73300379165448,0.2827619934082031,-0.08891510009765625,-9.788145446777344,65.725555791636,0.0016356403939425945,0.004792432300746441,-8.737016469240189e-05,65.73300379165448
2025-10-02 14:08:23.539745,0.2789490240812302,-0.23263673722743988,-9.803271608948709,65.86210979166208,0.021027099117636682,0.14641608892008662,0.01572667121887207,65.86210979166208,0.2999761962890625,-0.086220703125,-9.787546691894532,65.8546617916436,-0.0009048385545611382,0.001141284592449665,-0.0005063577555119991,65.86210979166208
2025-10-02 14:08:23.707507,0.2809481140226126,-0.23216451974585653,-9.80322950899601,66.03094079165021,0.02651257311925292,0.24623522294685246,-0.006472867727279664,66.03094079165021,0.32781829833984377,0.02784210205078125,-9.810299377441407,66.0334237916395,-0.00011343555524945259,-0.0004321341111790389,0.00018982915207743645,66.03094079165021
2025-10-02 14:08:23.866507,0.2807445578277111,-0.23236385498195888,-9.803228339552879,66.20970279164612,0.05066623326390982,0.09973968498408795,-0.018746173381805422,66.20970279164612,0.3511697387695313,-0.15597564697265626,-9.838740234375,66.21218579163542,0.0003680535592138767,-0.0049819317646324635,-0.00013530440628528595,66.20970279164612
2025-10-02 14:08:23.983226,0.28001413095742467,-0.23230688117444517,-9.80324938952923,66.32887779164594,0.04930101804435253,0.228714388422668,-0.015580490827560425,66.32887779164594,0.329315185546875,-0.003592529296875,-9.818831634521485,66.32142979162745,-0.0019745847675949335,-0.002858076710253954,-0.0019702468998730183,66.32887779164594
2025-10-02 14:08:24.143359,0.28036596888676285,-0.23172722110524774,-9.803255236744882,66.46791391662555,0.026944992989301683,0.16915731757879257,0.019899244308471682,66.46791391662555,0.2996768188476563,-0.055085449218750006,-9.795779571533204,66.47039691661485,0.001219338271766901,0.0004498451016843319,0.0036880034022033215,66.46791391662555
2025-10-02 14:08:24.531574,0.27569477448239926,-0.22753060134127737,-9.803483862876893,66.8750939166639,0.04389058940112591,0.34578474551439287,-0.027919870018959046,66.8750939166639,0.3195854187011719,0.11825408935546876,-9.831405487060547,66.86764591664542,0.0005680541507899761,-0.0003960205358453095,-0.002404389437288046,66.8750939166639
2025-10-02 14:08:24.759831,0.2724193287268281,-0.2274714531004429,-9.803576248884202,67.08364991663257,0.05195607421919704,0.3446777945011854,-0.034263514280319214,67.08364991663257,0.33605117797851564,0.11511062622070313,-9.841434631347656,67.08613291662186,0.0007461602799594402,0.0011399760842323303,0.00038044340908527374,67.08364991663257
2025-10-02 14:08:25.234039,0.26377047451213004,-0.22424285816028716,-9.803887905478478,67.58021216664929,0.04952799964696169,0.16616365280002357,-0.04592812478542328,67.58021216664929,0.31329849243164065,-0.0580792236328125,-9.849817199707031,67.5727641666308,0.00043812207877635956,0.006533896084874868,-0.0006530568934977055,67.58021216664929
2025-10-02 14:08:25.423002,0.33290537595748904,-0.23471642738208176,-9.801540833115578,67.7589741666452,0.5093930919840932,0.8723903227597476,0.030459315776824952,67.7589741666452,0.15822097778320313,0.47451324462890626,-9.849517822265625,67.76145816664211,0.005715881008654833,0.016483716666698456,0.001859237439930439,67.7589741666452
2025-10-02 14:08:26.344452,0.3412372197210789,-0.23797847935929894,-9.801175382137298,67.9575991666643,0.02609890088438988,-0.031760631892830134,0.029045459032058716,67.9575991666643,0.355660400390625,-0.2185455322265625,-9.78889389038086,67.96008216665359,0.0003802306018769741,0.00032765755895525217,0.002311273477971554,67.9575991666643
